Rank,Candidate,LogSum
1,καν,-3.16533054414397
2,ταν,-4.000063104745378
3,.αν,-4.0609001322073475
4,εαν,-4.1506639420844
5,κον,-4.192900218472439
6,ϲαν,-4.204554845820115
7,"
αν",-4.38789302610539
8,παν,-4.414427196655678
9,και,-4.506984860330464
10,ααν,-4.543112391932539
11,καϲ,-4.562004227802047
12,οαν,-4.563003432650657
13,μαν,-4.798548825210342
14,κεν,-4.880131386352592
15,τον,-5.027632779073847
16,κων,-5.082839412973161
17,.ον,-5.088469806535817
18,εον,-5.178233616412869
19,ιαν,-5.2187129516246635
20,ϲον,-5.232124520148584
21,καπ,-5.267004587241832
22,ται,-5.341717420931872
23,καρ,-5.342335655512103
24,ταϲ,-5.396736788403455
25,.αι,-5.4025544483938415
26,"
ον",-5.415462700433859
27,πον,-5.4419968709841475
28,.αϲ,-5.457573815865425
29,καξ,-5.459256562380634
30,εαι,-5.492318258270894
31,κοι,-5.534554534658933
32,ϲαι,-5.546209162006609
33,εαϲ,-5.547337625742477
34,αον,-5.570682066261008
35,κοϲ,-5.589573902130517
36,οον,-5.590573106979126
37,ϲαϲ,-5.601228529478193
38,καο,-5.621425559332037
39,τεν,-5.714863946953999
40,"
αι",-5.729547342291884
41,κιν,-5.73930422923233
42,παι,-5.756081512842172
43,.εν,-5.775700974415969
44,κυν,-5.779868301443077
45,"
αϲ",-5.784566709763467
46,κα.,-5.810769894231145
47,παϲ,-5.811100880313756
48,μον,-5.826118499538811
49,κην,-5.8334200105236285
50,εεν,-5.865464784293021
51,ααι,-5.884766708119033
52,οαι,-5.904657748837151
53,των,-5.917571973574568
54,ϲεν,-5.9193556880287375
55,δαν,-5.932357700313818
56,ααϲ,-5.939786075590616
57,ναν,-5.948436445601839
58,οαϲ,-5.959677116308734
59,.ων,-5.978409001036538
60,!αν,-5.991126923746577
61,κ.ν,-6.06294745270962
62,"κα
",-6.06359207806878
63,εων,-6.06817281091359
64,θαν,-6.078640853451249
65,ταπ,-6.10173714784324
66,"
εν",-6.102693868314012
67,ωαν,-6.109760903616872
68,ϲων,-6.122063714649306
69,πεν,-6.129228038864301
70,κρν,-6.136899622638161
71,ηαν,-6.13789142235222
72,μαι,-6.140203141396836
73,.απ,-6.16257417530521
74,ταρ,-6.17706821611351
75,μαϲ,-6.19522250886842
76,φαν,-6.205094212813529
77,κει,-6.221785702539086
78,.αρ,-6.23790524357548
79,ιον,-6.246282625953133
80,βαν,-6.250188652450219
81,εαπ,-6.252337985182262
82,αεν,-6.25791323414116
83,καλ,-6.274228287462747
84,κεϲ,-6.27680507001067
85,οεν,-6.277804274859278
86,ταξ,-6.293989122982042
87,κοπ,-6.294574261570302
88,υαν,-6.305383107157319
89,"
ων",-6.305401894934581
90,ϲαπ,-6.306228888917978
91,εαρ,-6.327669053452532
92,πων,-6.33193606548487
93,.αξ,-6.354826150444012
94,τοι,-6.369287095260341
95,κορ,-6.369905329840572
96,ϲαρ,-6.381559957188248
97,τοϲ,-6.424306462731924
98,κωι,-6.424493729159655
99,.οι,-6.430124122722311
100,εαξ,-6.444589960321064
101,ταο,-6.456158119933445
102,αων,-6.460621260761729
103,κωϲ,-6.479513096631239
104,οων,-6.480512301479847
105,.οϲ,-6.485143490193894
106,κοξ,-6.4868262367091045
107,"
απ",-6.489567069203252
108,ϲαξ,-6.498480864056781
109,μεν,-6.513349667418964
110,παπ,-6.5161012397535405
111,.αο,-6.516995147395415
112,εοι,-6.519887932599363
113,ιαι,-6.5603672678111575
114,"
αρ",-6.564898137473523
115,ϲοι,-6.573778836335078
116,τιν,-6.574036789833737
117,κ!ν,-6.574145443060608
118,εοϲ,-6.574907300070946
119,παρ,-6.591432308023811
120,χαν,-6.601484652565555
121,εαο,-6.606758957272467
122,τυν,-6.614600862044484
123,ιαϲ,-6.615386635282741
124,ϲοϲ,-6.628798203806662
125,.ιν,-6.6348738172957065
126,ααπ,-6.644786435030401
127,τα.,-6.6455024548325525
128,γαν,-6.647354522931024
129,κοο,-6.648995233660505
130,ϲαο,-6.6606498610081815
131,καα,-6.662526779861254
132,οαπ,-6.664677475748519
133,την,-6.668152571125035
134,.υν,-6.675437889506454
135,καυ,-6.677774803999023
136,"
αξ",-6.681819044342054
137,καε,-6.689691191687599
138,.α.,-6.706339482294522
139,παξ,-6.708353214892343
140,μων,-6.716057694039533
141,ααρ,-6.7201175033006715
142,ειν,-6.724637627172759
143,.ην,-6.728989598587005
144,οαρ,-6.74000854401879
145,ραν,-6.755688331377768
146,"
οι",-6.757117016620353
147,ευν,-6.765201699383506
148,κπν,-6.7667953099398925
149,ϲιν,-6.778528530908474
150,ποι,-6.7836511871706415
151,εα.,-6.7961032921715745
152,"
οϲ",-6.812136384091937
153,κατ,-6.815460337393475
154,εην,-6.818753408464057
155,ϲυν,-6.819092603119222
156,κνν,-6.825420602965828
157,ααξ,-6.837038410169203
158,κο.,-6.838339568559614
159,ποϲ,-6.838670554642225
160,"
αο",-6.843988041293457
161,ϲα.,-6.84999419590729
162,οαξ,-6.856929450887321
163,παο,-6.8705222118437455
164,ϲην,-6.872644312199773
165,τ.ν,-6.897680013311028
166,"τα
",-6.8983246386701875
167,μαπ,-6.900222868308205
168,αοι,-6.912336382447502
169,οοι,-6.93222742316562
170,ιεν,-6.933513793833286
171,..ν,-6.958517040772998
172,".α
",-6.959161666132157
173,δον,-6.959927374642287
174,"
ιν",-6.96186671119375
175,αοϲ,-6.9673557499190855
176,τρν,-6.971632183239569
177,μαρ,-6.975553936578475
178,νον,-6.976006119930308
179,κεπ,-6.981805429450455
180,οοϲ,-6.9872467906372036
181,πιν,-6.988400881744038
182,ααο,-6.999207407120606
183,"
υν",-7.002430783404497
184,!ον,-7.018696598075047
185,οαο,-7.019098447838724
186,πυν,-7.028964953954786
187,.ρν,-7.032469210701539
188,"
α.",-7.033332376192565
189,καγ,-7.047429232856217
190,ε.ν,-7.04828085065005
191,"εα
",-7.0489254760092095
192,"
ην",-7.0559824924850485
193,τει,-7.056518263140493
194,κερ,-7.057136497720725
195,πα.,-7.059866546742853
196,κιι,-7.080958545418824
197,πην,-7.082516663035337
198,"κο
",-7.091161752397248
199,μαξ,-7.0924748434470075
200,ϲ.ν,-7.102171754385766
201,"ϲα
",-7.102816379744924
202,θον,-7.1062105277797185
203,ταλ,-7.108960848064155
204,τεϲ,-7.1115376306120766
205,αιν,-7.117086077020898
206,.ει,-7.117355290602463
207,κυι,-7.121522617629571
208,ερν,-7.122233020578591
209,τοπ,-7.12930682217171
210,κιϲ,-7.135977912890407
211,ιων,-7.136221820453855
212,οιν,-7.136977117739016
213,ωον,-7.137330577945341
214,κκν,-7.1417023218657665
215,αυν,-7.157650149231645
216,ηον,-7.165461096680689
217,μοι,-7.167772815725305
218,.αλ,-7.1697978755261245
219,.εϲ,-7.172374658074046
220,κεξ,-7.174057404589258
221,κηι,-7.1750743267101225
222,ϲρν,-7.176123924314306
223,κυϲ,-7.176541985101155
224,ουν,-7.177541189949763
225,κωπ,-7.1845134560710235
226,αα.,-7.188551742019714
227,.οπ,-7.19014384963368
228,τορ,-7.20463789044198
229,εει,-7.207119100479515
230,οα.,-7.208442782737832
231,αην,-7.211201858312196
232,μοϲ,-7.222792183196889
233,κηϲ,-7.230093694181706
234,"κ
ν",-7.230390619374829
235,οην,-7.2310928990303145
236,φον,-7.232663887141999
237,μαο,-7.254643840398408
238,τωι,-7.259226289761062
239,εαλ,-7.259561685403177
240,κωρ,-7.259844524341294
241,ϲει,-7.2610100042152315
242,εεϲ,-7.2621384679510985
243,.ορ,-7.2654749179039495
244,λαν,-7.2661415940204925
245,δαι,-7.274012016500312
246,βον,-7.277758326778688
247,εοπ,-7.279907659510732
248,"
.ν",-7.28550993467104
249,"
α
",-7.2861545600302
250,ναι,-7.290090761788333
251,κολ,-7.301797961791216
252,π.ν,-7.312044105221329
253,"πα
",-7.312688730580488
254,ϲαλ,-7.313452589138892
255,τωϲ,-7.314245657232646
256,ϲεϲ,-7.316029371686815
257,.ωι,-7.320063317223032
258,ιαπ,-7.320386994722526
259,ξαν,-7.321375468129774
260,τοξ,-7.321558797310512
261,δαϲ,-7.329031383971896
262,!αι,-7.332781239933071
263,υον,-7.332952781485789
264,ϲοπ,-7.333798563246447
265,κεο,-7.336226401540658
266,ναϲ,-7.345110129259917
267,ψαν,-7.353821844109353
268,εορ,-7.355238727781002
269,"
ρν",-7.359462104599581
270,μιν,-7.372522510298701
271,.ωϲ,-7.375082684694616
272,κωξ,-7.376765431209826
273,.οξ,-7.382395824772482
274,πρν,-7.38599627514987
275,!αϲ,-7.387800607404655
276,ιαρ,-7.395718062992796
277,κ.ι,-7.404601768896114
278,τ!ν,-7.408878003662016
279,ϲορ,-7.409129631516717
280,εωι,-7.409827127100084
281,μυν,-7.4130865825094485
282,θαι,-7.420295169637743
283,α.ν,-7.440729300498189
284,"αα
",-7.441373925857349
285,μα.,-7.443988175297517
286,"
ει",-7.444348184500506
287,ωαι,-7.451415219803366
288,κ.ϲ,-7.459621136367698
289,ο.ν,-7.460620341216307
290,κϲν,-7.460793169793316
291,"οα
",-7.461264966575467
292,ϲωι,-7.4637180308358
293,εωϲ,-7.464846494571668
294,μην,-7.46663829159
295,.!ν,-7.469715031123986
296,πει,-7.470882355050795
297,εοξ,-7.472159634649534
298,θαϲ,-7.475314537109327
299,κρι,-7.478553938824655
300,ηαι,-7.479545738538714
301,τοο,-7.483727794261913
302,"
αλ",-7.496790769424167
303,ταα,-7.497259340462662
304,"
εϲ",-7.49936755197209
305,ωαϲ,-7.506434587274949
306,ταυ,-7.512507364600431
307,ιαξ,-7.512638969861328
308,αρν,-7.51468147042673
309,"
οπ",-7.517136743531722
310,ϲωϲ,-7.518737398307383
311,παλ,-7.523324939974455
312,ταε,-7.524423752289007
313,κε.,-7.525570736439767
314,πεϲ,-7.525901722522378
315,ϲοξ,-7.526050538385249
316,κρϲ,-7.533573306296239
317,ηαϲ,-7.534565106010297
318,ορν,-7.534572511144848
319,κωο,-7.5389344281612285
320,ποπ,-7.543670914082011
321,.οο,-7.544564821723883
322,φαι,-7.546748529000023
323,.αα,-7.558096367924632
324,ε!ν,-7.559478841001038
325,.αυ,-7.573344392062401
326,καφ,-7.578510400751383
327,.αε,-7.585260779750977
328,ιοι,-7.587936942139627
329,βαι,-7.591842968636713
330,"
ορ",-7.592467811801992
331,αει,-7.599567550327654
332,τπν,-7.6015278705413
333,φαϲ,-7.601767896471607
334,ϲ!ν,-7.613369744736754
335,πορ,-7.61900198235228
336,οει,-7.619458591045772
337,χον,-7.629054326894024
338,εοο,-7.634328631600935
339,ιοϲ,-7.64295630961121
340,βαϲ,-7.646862336108296
341,υαι,-7.647037423343813
342,"
ωι",-7.647056211121075
343,δεν,-7.64715854252244
344,εαα,-7.647860177801684
345,τατ,-7.650192897994883
346,ααλ,-7.652010135251316
347,αεϲ,-7.654586917799238
348,τνν,-7.660153163567235
349,.πν,-7.66236489800327
350,εαυ,-7.663108201939453
351,νεν,-7.66323728781046
352,οαλ,-7.671901175969434
353,αοπ,-7.672356109358871
354,το.,-7.673072129161022
355,πωι,-7.673590381671364
356,οεϲ,-7.674477958517356
357,ιαο,-7.674807966812731
358,γον,-7.674924197259493
359,εαε,-7.675024589628029
360,ϲοο,-7.688219535336652
361,κοα,-7.690096454189724
362,οοπ,-7.692247150076989
363,μ.ν,-7.696165733775993
364,"μα
",-7.696810359135151
365,κδν,-7.69703439978311
366,ϲαα,-7.7017510815374
367,υαϲ,-7.702056790815397
368,"
ωϲ",-7.702075578592659
369,κου,-7.7053444783274925
370,!εν,-7.705927765955199
371,"
οξ",-7.7093887186705246
372,.ατ,-7.711029925456852
373,ϲαυ,-7.716999105675169
374,κοε,-7.717260866016068
375,.νν,-7.7209901910292045
376,κω.,-7.728278763060336
377,πωϲ,-7.728609749142947
378,ϲαε,-7.728915493363744
379,.ο.,-7.733909156622992
380,ποξ,-7.735922889220813
381,αορ,-7.747687177629141
382,επν,-7.752128707880322
383,οορ,-7.767578218347259
384,μρν,-7.7701179037045325
385,"κε
",-7.778392920277401
386,ρον,-7.783258005706237
387,ιιν,-7.792686636713023
388,θεν,-7.793441695659871
389,"
!ν",-7.796707925022028
390,εατ,-7.8007937353339045
391,αωι,-7.802275576948223
392,ϲπν,-7.806019611616038
393,ενν,-7.810754000906257
394,τεπ,-7.816537990051861
395,οωι,-7.822166617666341
396,π!ν,-7.823242095572317
397,εο.,-7.823672966500044
398,ωεν,-7.824561745825493
399,ιυν,-7.833250708923771
400,κιπ,-7.840978272330192
401,καχ,-7.842182243729623
402,κοτ,-7.843030011721944
403,δων,-7.849866569143009
404,ηεν,-7.852692264560842
405,ϲατ,-7.85468463906962
406,μει,-7.855003983605458
407,αωϲ,-7.857294944419807
408,ια.,-7.864152301711838
409,αοξ,-7.864608084497673
410,ϲνν,-7.864644904641972
411,νων,-7.86594531443103
412,"
οο",-7.871557715621925
413,οωϲ,-7.877185985137925
414,.επ,-7.877375017513831
415,ϲο.,-7.877563870235759
416,κυπ,-7.881542344540939
417,ταγ,-7.882161793457625
418,οοξ,-7.884499125215791
419,"
αα",-7.8850892618226744
420,ιην,-7.886802418004322
421,κακ,-7.891299928457649
422,τερ,-7.891869058322132
423,ποο,-7.898091886172214
424,"
αυ",-7.900337285960443
425,μαλ,-7.907446568529119
426,!ων,-7.908635792575768
427,μεϲ,-7.910023351077042
428,παα,-7.911623432372963
429,"
αε",-7.912253673649019
430,τιι,-7.915691106020231
431,κ!ι,-7.915799759247102
432,κιρ,-7.9163093406004625
433,φεν,-7.919895055022151
434,καθ,-7.9224039884780275
435,"το
",-7.925894312998656
436,παυ,-7.926871456510732
437,μοπ,-7.9277925426366735
438,κηπ,-7.935094053621491
439,παε,-7.938787844199307
440,.αγ,-7.942998820919595
441,χαι,-7.943138968752049
442,α!ν,-7.951927290849177
443,.ερ,-7.952706085784102
444,τυι,-7.956255178230978
445,κα!,-7.956477846957943
446,κυρ,-7.95687341281121
447,βεν,-7.964989494658841
448,εεπ,-7.967138827390883
449,τιϲ,-7.970710473491814
450,κ!ϲ,-7.970819126718686
451,ο!ν,-7.971818331567295
452,καδ,-7.973632485810516
453,τκν,-7.976434882467174
454,.ιι,-7.9765281334822005
455,"κω
",-7.981100946897971
456,".ο
",-7.986731340460626
457,γαι,-7.989008839117518
458,κελ,-7.989029129671369
459,"
πν",-7.989357791901313
460,θων,-7.99614972228044
461,χαϲ,-7.998158336223632
462,μορ,-8.003123610906943
463,τεξ,-8.008789965190664
464,τηι,-8.00980688731153
465,κηρ,-8.01042512189176
466,τυϲ,-8.011274545702562
467,ππν,-8.015891962451601
468,.υι,-8.017092205692947
469,τωπ,-8.019246016672431
470,υεν,-8.020183949365942
471,ϲεπ,-8.0210297311266
472,αοο,-8.026777081449074
473,ωων,-8.027269772446063
474,.ιϲ,-8.031547500953785
475,εαγ,-8.032762630796647
476,κιξ,-8.033230247468994
477,δαπ,-8.034031743411681
478,.κν,-8.037271909929144
479,"
ατ",-8.038022819354895
480,ααα,-8.040308627649823
481,εερ,-8.042469895661153
482,γαϲ,-8.0440282065891
483,οοο,-8.046668122167192
484,καβ,-8.046757359190686
485,"
νν",-8.047983084927248
486,ναπ,-8.050110488699701
487,ηων,-8.05540029118141
488,ααυ,-8.055556651787592
489,μωι,-8.057712010226027
490,οαα,-8.060199668367941
491,"
ο.",-8.060902050521033
492,πατ,-8.064556989905183
493,τηϲ,-8.064826254783114
494,"τ
ν",-8.065123179976236
495,κμν,-8.065197633424045
496,_αν,-8.0658470538879
497,ειι,-8.066291943359253
498,ααε,-8.067473039476168
499,.εξ,-8.069626992652633
500,.ηι,-8.070643914773498
501,.υϲ,-8.07211157316453
502,κυξ,-8.073794319679742
503,πνν,-8.074517255477536
504,κογ,-8.074998907184685
505,οαυ,-8.07544769250571
506,"εο
",-8.076495150337678
507,.ωπ,-8.080083044134401
508,ϲαγ,-8.086653534532363
509,οαε,-8.087364080194286
510,πο.,-8.087436221071322
511,!απ,-8.09280096684444
512,τωρ,-8.094577084942701
513,ϲερ,-8.09636079939687
514,ραι,-8.097342647564261
515,ευι,-8.10685601557
516,κπι,-8.108449626126387
517,δαρ,-8.109362811681951
518,μωϲ,-8.11273137769761
519,ι.ν,-8.116329860190314
520,"ια
",-8.116974485549473
521,μοξ,-8.120044517775476
522,ϲιι,-8.120182847094968
523,ειϲ,-8.121311310830837
524,φων,-8.12260308164272
525,ναρ,-8.125441556969971
526,.ηϲ,-8.125663282245082
527,".
ν",-8.125960207438206
528,καω,-8.126749207306677
529,εκν,-8.127035719806196
530,κηξ,-8.127346028760293
531,"ϲο
",-8.130386054073394
532,τολ,-8.136530522392624
533,ζαν,-8.1390992779529
534,απν,-8.144577157728461
535,κβν,-8.147616556413919
536,ραϲ,-8.152362015035845
537,.ωρ,-8.15541411240467
538,εεξ,-8.159390802529686
539,εηι,-8.16040772465055
540,ϲυι,-8.160746919305716
541,ευϲ,-8.161875383041583
542,κπϲ,-8.16346899359797
543,οπν,-8.16446819844658
544,κ.π,-8.164621495807483
545,κνι,-8.167074919152322
546,βων,-8.16769752127941
547,!αρ,-8.16813203511471
548,εωπ,-8.169846854011453
549,Ϛαν,-8.169914815861144
550,τεο,-8.170958962142066
551,ϲιϲ,-8.175202214566552
552,θαπ,-8.180314896549111
553,ϲκν,-8.180926623541913
554,ιρν,-8.190282030118855
555,κωλ,-8.19173715629194
556,αατ,-8.193242185182044
557,κιο,-8.195399244420397
558,.ολ,-8.197367549854594
559,ανν,-8.203202450754397
560,"
επ",-8.204367911411875
561,μ!ν,-8.207363724126981
562,ωαπ,-8.211434946714734
563,τωξ,-8.211497991811234
564,οατ,-8.213133225900162
565,ϲεξ,-8.213281706265402
566,ϲηι,-8.214298628386267
567,εηϲ,-8.215427092122134
568,"ε
ν",-8.215724017315258
569,ϲυϲ,-8.2157662867773
570,αο.,-8.216121416348184
571,κνϲ,-8.222094286623905
572,υων,-8.22289197598651
573,ονν,-8.223093491472515
574,ϲωπ,-8.223737757747168
575,καμ,-8.225417205867432
576,δαξ,-8.226283718550484
577,πεπ,-8.230902081962164
578,.εο,-8.231795989604036
579,κυο,-8.235963316631144
580,οο.,-8.236012457066302
581,κρπ,-8.238573665736023
582,τ.ι,-8.239334329497522
583,ηαπ,-8.239565465450083
584,κ.ρ,-8.239952564077754
585,ναξ,-8.242362463838504
586,εωρ,-8.245177922281723
587,θαρ,-8.255645964819383
588,ϲηϲ,-8.26931799585785
589,"ϲ
ν",-8.269614921050973
590,"
αγ",-8.269991714817637
591,.ωξ,-8.272335019273203
592,κξν,-8.27413232016656
593,ιει,-8.27516811001978
594,"
ερ",-8.279698979682145
595,μοο,-8.282213514726879
596,!αξ,-8.285052941983242
597,ωαρ,-8.286766014985005
598,εολ,-8.287131359731646
599,κηο,-8.289515025711696
600,λον,-8.293711268348963
601,τ.ϲ,-8.294353696969106
602,τϲν,-8.295525730394724
603,μαα,-8.295745060927626
604,παγ,-8.296525885367926
605,ϲωρ,-8.29906882601744
606,..ι,-8.300171356959492
607,δοι,-8.301581690828781
608,"
ιι",-8.303521027380244
609,περ,-8.306233150232433
610,φαπ,-8.306768255911392
611,μαυ,-8.310993085065395
612,τρι,-8.313286499426063
613,"
ο
",-8.313724234358668
614,κρρ,-8.313904734006293
615,ηαρ,-8.314896533720352
616,χεν,-8.316285494774176
617,νοι,-8.317660436116803
618,εεο,-8.321559799481088
619,μαε,-8.32290947275397
620,ιαλ,-8.327610694943441
621,πιι,-8.330055197930532
622,ιεϲ,-8.330187477491364
623,"πο
",-8.340258404908957
624,ϲολ,-8.341022263467362
625,"
υι",-8.344085099590991
626,ιοπ,-8.347956669050996
627,ξον,-8.348945142458243
628,βαπ,-8.351862695548082
629,..ϲ,-8.355190724431075
630,.ϲν,-8.356362757856694
631,δοϲ,-8.356601058300365
632,κ.ξ,-8.356873470946285
633,"
ιϲ",-8.358540394851827
634,αεπ,-8.359587277239022
635,τε.,-8.360303297041174
636,!οι,-8.360350914261542
637,κτν,-8.361253816501556
638,εωξ,-8.362098829150256
639,γεν,-8.362155365139646
640,"
κν",-8.364264803827187
641,καη,-8.368179884834811
642,τρϲ,-8.368305866897646
643,πυι,-8.37061927014128
644,θαξ,-8.372566871687914
645,νοϲ,-8.372679803588387
646,τωο,-8.373666988762634
647,.ρι,-8.374123526888033
648,ϲεο,-8.375450703216805
649,κεα,-8.377327622069878
650,οεπ,-8.37947831795714
651,ψον,-8.381391518437823
652,φαρ,-8.382099324181663
653,κι.,-8.384743579319505
654,πιϲ,-8.385074565402116
655,δαο,-8.388452715501884
656,ε.ι,-8.389935166836544
657,πκν,-8.390798974377475
658,κευ,-8.392575646207646
659,"
εξ",-8.396619886550678
660,"
ηι",-8.397636808671542
661,"
υϲ",-8.399104467062575
662,μπν,-8.400013591006266
663,ωαξ,-8.403686921853536
664,κεε,-8.404492033896222
665,ναο,-8.404531460789906
666,υαπ,-8.407057150255183
667,"
ωπ",-8.407075938032444
668,καζ,-8.411594995805107
669,ταφ,-8.41324296135279
670,!οϲ,-8.415370281733125
671,ϲωξ,-8.41598973288597
672,.ε.,-8.421140324503144
673,πεξ,-8.423154057100966
674,ιορ,-8.423287737321266
675,πηι,-8.424170979221831
676,ααγ,-8.425211080644786
677,κυ.,-8.425307651530252
678,πυϲ,-8.425638637612863
679,βαρ,-8.427193763818352
680,.ρϲ,-8.429142894359616
681,κρξ,-8.430825640874826
682,ηαξ,-8.431817440588885
683,πωπ,-8.433610108582732
684,.ωο,-8.434504016224604
685,αερ,-8.434918345509292
686,ϲ.ι,-8.44382607057226
687,ε.ϲ,-8.444954534308128
688,οαγ,-8.445102121362904
689,εϲν,-8.446126567733746
690,!αο,-8.447221938934645
691,θοι,-8.447864843966212
692,ματ,-8.448678618459848
693,"
ηϲ",-8.452656176143126
694,"

ν",-8.452953101336249
695,οερ,-8.45480938622741
696,μνν,-8.458638884032199
697,αιι,-8.458740393207393
698,ερι,-8.463887336765085
699,"αο
",-8.468943600185817
700,ρεν,-8.47048917358639
701,μο.,-8.471557849625986
702,.αφ,-8.474079988814761
703,ιωι,-8.477876136640349
704,οιι,-8.47863143392551
705,κη.,-8.478859360610803
706,ωοι,-8.478984894131834
707,πηϲ,-8.479190346693414
708,"π
ν",-8.479487271886537
709,υαρ,-8.482388218525452
710,"
ωρ",-8.482407006302715
711,κκι,-8.48335663805226
712,"οο
",-8.488834640903935
713,ϲ.ϲ,-8.498845438043844
714,φαξ,-8.499020231050194
715,αυι,-8.499304465418138
716,ϲϲν,-8.50001747146946
717,θοϲ,-8.502884211437795
718,διν,-8.506331385402177
719,ηοι,-8.507115412867183
720,πωρ,-8.508941176853003
721,εε.,-8.510904134380196
722,αιϲ,-8.513759760678976
723,ϲρι,-8.5177782405008
724,ερϲ,-8.518906704236668
725,χων,-8.518993521394746
726,κ.ο,-8.519042467897687
727,ουι,-8.519195506136256
728,ακν,-8.519484169654335
729,νιν,-8.522410130690199
730,εωο,-8.524267826101656
731,"
ολ",-8.524360443752636
732,τοα,-8.52482901479113
733,κετ,-8.530261179602096
734,τδν,-8.531766960384518
735,ιωϲ,-8.532895504111933
736,οιϲ,-8.533650801397094
737,ωοϲ,-8.534004261603418
738,θαο,-8.534735868639316
739,κκϲ,-8.538376005523844
740,οκν,-8.539375210372453
741,του,-8.5400770389289
742,ιοξ,-8.540208644189798
743,βαξ,-8.544114670686884
744,δυν,-8.546895457612925
745,πολ,-8.550894614302925
746,αεξ,-8.551839252377825
747,τοε,-8.551993426617475
748,αηι,-8.55285617449869
749,αυϲ,-8.554323832889722
750,"
εο",-8.558788883502078
751,ηοϲ,-8.562134780338766
752,αωπ,-8.562295303859592
753,νυν,-8.562974202900946
754,τω.,-8.563011323661744
755,εαφ,-8.563843798691813
756,ϲε.,-8.564795038115912
757,γων,-8.564863391760214
758,!ιν,-8.565100608834937
759,ωαο,-8.565855918804939
760,οεξ,-8.571730293095943
761,"κ
ι",-8.572044935561323
762,οηι,-8.572747215216808
763,ϲρϲ,-8.572797607972383
764,ουϲ,-8.57421487360784
765,φοι,-8.574318203328492
766,δα.,-8.577797050400992
767,ϲωο,-8.578158729837373
768,κωα,-8.580035648690446
769,οωπ,-8.58218634457771
770,πεο,-8.585323054052367
771,.οα,-8.585666042253102
772,.δν,-8.592603987846488
773,κρο,-8.592994637826228
774,να.,-8.593875795689014
775,ηαο,-8.593986437540286
776,κωυ,-8.595283672828215
777,υαξ,-8.599309125393985
778,"
ωξ",-8.599327913171246
779,δην,-8.600447166693476
780,.ου,-8.600914066390871
781,!υν,-8.605664681045685
782,κοφ,-8.606080075079852
783,κωε,-8.60720006051679
784,λαι,-8.607795910206987
785,αηϲ,-8.607875541970273
786,"α
ν",-8.608172467163397
787,.οε,-8.612830454079447
788,"τε
",-8.613125480878809
789,μεπ,-8.615023710516827
790,νην,-8.616525911981498
791,ϲαφ,-8.617734702427528
792,βοι,-8.619412642965182
793,.ω.,-8.623848351123712
794,πωξ,-8.625862083721534
795,"κ
ϲ",-8.627064303032906
796,"
.ι",-8.627164250857534
797,ι!ν,-8.627527850541302
798,οηϲ,-8.627766582688391
799,"ο
ν",-8.628063507881516
800,φοϲ,-8.629337570800075
801,!α.,-8.636566273833752
802,"κι
",-8.63756576315714
803,αωρ,-8.637626372129862
804,θιν,-8.65261453853961
805,π.ι,-8.653698421407823
806,οωρ,-8.65751741284798
807,!ην,-8.659216390126236
808,φαο,-8.661189228001597
809,λαϲ,-8.66281527767857
810,ξαι,-8.663029784316269
811,ρων,-8.673197200206959
812,".ε
",-8.673962508340779
813,κφν,-8.67429980979861
814,βοϲ,-8.674432010436766
815,υοι,-8.674607097672283
816,εοα,-8.675429852130154
817,τιπ,-8.6757108329316
818,κ!π,-8.67581948615847
819,ταχ,-8.67691480433103
820,τοτ,-8.677762572323353
821,"κυ
",-8.678129835367887
822,αολ,-8.679579809579785
823,μαγ,-8.68064751392259
824,"
.ϲ",-8.682183618329118
825,εδν,-8.68236779772354
826,"
ϲν",-8.683355651754736
827,ωιν,-8.683734588705232
828,μερ,-8.690354778787096
829,εου,-8.690677876267923
830,θυν,-8.693178610750357
831,ψαι,-8.695476160295847
832,οολ,-8.699470850297903
833,"
ρι",-8.701116420786075
834,ιοο,-8.702377641141199
835,εοε,-8.702594263956499
836,χαπ,-8.703158695663417
837,βαο,-8.706283667638285
838,κ..,-8.708386802796795
839,π.ϲ,-8.708717788879406
840,πϲν,-8.709889822305025
841,ηιν,-8.711865107440579
842,εω.,-8.713612161000764
843,αεο,-8.714008249329227
844,μιι,-8.714176826485195
845,ιαα,-8.715909187341948
846,τυπ,-8.716274905142347
847,ξαϲ,-8.718049151787852
848,θα.,-8.724080203538424
849,ωυν,-8.724298660915979
850,"μο
",-8.724380033463621
851,τακ,-8.726032489059056
852,πρι,-8.727650591336364
853,ϲοα,-8.729320755865869
854,υοϲ,-8.729626465143866
855,ιαυ,-8.731157211479717
856,"κη
",-8.731681544448438
857,κωτ,-8.732969206222666
858,οεο,-8.733899290047345
859,ϲδν,-8.736258701459255
860,.ιπ,-8.73654786039357
861,.αχ,-8.737751831793002
862,.οτ,-8.73859959978532
863,ιαε,-8.743073599168293
864,ϲου,-8.744568780003638
865,θην,-8.746730319830908
866,"
ε.",-8.748133218401186
867,γαπ,-8.749028566028887
868,ψαϲ,-8.75049552776743
869,τ!ι,-8.75053231984851
870,τιρ,-8.75104190120187
871,κ!ρ,-8.75115055442874
872,ηυν,-8.752429179651326
873,αωξ,-8.754547278998395
874,μυι,-8.754740898695943
875,ωα.,-8.755200253704047
876,"
ρϲ",-8.756135788257659
877,ϲοε,-8.756485167692214
878,ταθ,-8.757136549079435
879,υαο,-8.761478122345386
880,"
ωο",-8.761496910122649
881,κεγ,-8.762230075064839
882,"εε
",-8.76372631821783
883,ϲω.,-8.76750306473648
884,μιϲ,-8.769196193956779
885,τηπ,-8.769826614222898
886,οωξ,-8.774438319716513
887,πε.,-8.774667388951475
888,μκν,-8.77492060293214
889,.υπ,-8.777111932604317
890,κα_,-8.777731545602698
891,ωην,-8.77785036999653
892,χαρ,-8.778489763933688
893,φιν,-8.77906789790189
894,κρ.,-8.782338972725336
895,α.ι,-8.782383616684683
896,πρϲ,-8.782669958807947
897,ηα.,-8.783330772439395
898,.ακ,-8.786869516521026
899,πωο,-8.788031080672937
900,τα!,-8.791210407559351
901,τυρ,-8.791605973412617
902,"
αφ",-8.801072882712802
903,ο.ι,-8.802274657402801
904,κϲι,-8.80244748597981
905,τ!ϲ,-8.805551687320094
906,ηην,-8.805980888731877
907,μεξ,-8.807275685655629
908,μηι,-8.808292607776494
909,ταδ,-8.808365046411923
910,μυϲ,-8.809760266167526
911,.!ι,-8.81136934731048
912,.ιρ,-8.81187892866384
913,"τω
",-8.815833507499377
914,"ϲε
",-8.817617221953547
915,μωπ,-8.817731737137395
916,.αθ,-8.817973576541405
917,φυν,-8.819631970112637
918,ιπν,-8.820177717420586
919,τελ,-8.823761690272775
920,βιν,-8.824162337538578
921,γαρ,-8.824359634299157
922,ειπ,-8.826311670270622
923,εαχ,-8.827515641670054
924,παφ,-8.82760705326309
925,εοτ,-8.828363409662373
926,δ.ν,-8.82997460887947
927,"δα
",-8.830619234238627
928,.ηπ,-8.830663641684868
929,α.ϲ,-8.837402984156267
930,αϲν,-8.838575017581885
931,τηρ,-8.845157682493168
932,ν.ν,-8.84605335416749
933,"να
",-8.846697979526649
934,κιλ,-8.848201972551106
935,φα.,-8.850533562900704
936,.α!,-8.852047435021321
937,.υρ,-8.852443000874587
938,αρι,-8.856335786613224
939,ο.ϲ,-8.857294024874385
940,ραπ,-8.857362374475631
941,κϲϲ,-8.857466853451394
942,οϲν,-8.858466058300003
943,μηϲ,-8.863311975248077
944,"μ
ν",-8.8636089004412
945,βυν,-8.864726409749325
946,.!ϲ,-8.866388714782063
947,ευπ,-8.86687574248137
948,τιξ,-8.867962808070402
949,κ!ξ,-8.868071461297273
950,κππ,-8.868469353037755
951,ιατ,-8.868842744874168
952,.αδ,-8.869202073873893
953,κοχ,-8.869751918058093
954,φην,-8.873183679193186
955,ορι,-8.876226827331342
956,εακ,-8.876633326398078
957,".ω
",-8.876670534961347
958,κγν,-8.87705867727405
959,ινν,-8.878803010446521
960,υιν,-8.879356792245678
961,ϲιπ,-8.880202574006336
962,ϲαχ,-8.881406545405769
963,ταβ,-8.881489919792095
964,ϲοτ,-8.88225431339809
965,.ελ,-8.884598717734747
966,!.ν,-8.888743832312228
967,κυλ,-8.888766044761855
968,"!α
",-8.889388457671387
969,ιο.,-8.891721976040309
970,μωρ,-8.893062805407666
971,χαξ,-8.89541067080222
972,βα.,-8.895628002537393
973,τμν,-8.899930194025451
974,ε!ι,-8.901133157187532
975,ειρ,-8.901642738540891
976,αε.,-8.903352584228335
977,δρν,-8.903926778808009
978,.ηρ,-8.905994709955138
979,εαθ,-8.907737386418457
980,τυξ,-8.90852688028115
981,τογ,-8.909731467786095
982,αρϲ,-8.911355154084807
983,"
οα",-8.912658936151143
984,αωο,-8.916716275949796
985,βην,-8.918278118829877
986,κοκ,-8.918869602786117
987,"
δν",-8.91959688174453
988,υυν,-8.919920864456426
989,νρν,-8.92000552409603
990,εηπ,-8.92042745156192
991,ϲυπ,-8.920766646217084
992,οε.,-8.923243624946453
993,κνπ,-8.92709464606369
994,"
ου",-8.927906960288912
995,.ιξ,-8.928799835532372
996,ϲακ,-8.930524230133795
997,ορϲ,-8.931246194802926
998,ραρ,-8.9326934427459
999,μολ,-8.93501624285759
1000,οωο,-8.936607316667914
